<?xml version="1.0" encoding="utf-8"?>
<!-- Copyright (C) 2017 The Android Open Source Project

     Licensed under the Apache License, Version 2.0 (the "License");
     you may not use this file except in compliance with the License.
     You may obtain a copy of the License at

          http://www.apache.org/licenses/LICENSE-2.0

     Unless required by applicable law or agreed to in writing, software
     distributed under the License is distributed on an "AS IS" BASIS,
     WITHOUT WARRANTIES OR CONDITIONS OF ANY KIND, either express or implied.
     See the License for the specific language governing permissions and
     limitations under the License.
-->
<configuration description="Config for libappfuse_test">
    <target_preparer class="com.android.tradefed.targetprep.PushFilePreparer">
        <option name="cleanup" value="true" />
        <option name="push" value="libappfuse_test->/data/local/tmp/libappfuse_test" />
    </target_preparer>
    <option name="test-suite-tag" value="apct" />
    <test class="com.android.tradefed.testtype.GTest" >
        <option name="native-test-device-path" value="/data/local/tmp" />
        <option name="module-name" value="libappfuse_test" />
    </test>
</configuration>