{
    "torch": [
        {
            "model": "candy.t7",
            "inputSize": "224, 224",
            "mean": "104, 117, 123",
            "std": "1",
            "swapRB": "false",
            "modelUrl": "https://cs.stanford.edu/people/jcjohns/fast-neural-style/models//instance_norm/candy.t7"
        },
        {
            "model": "composition_vii.t7",
            "inputSize": "224, 224",
            "mean": "104, 117, 123",
            "std": "1",
            "swapRB": "false",
            "modelUrl": "https://cs.stanford.edu/people/jcjohns/fast-neural-style/models//eccv16/composition_vii.t7"
        },
        {
            "model": "feathers.t7",
            "inputSize": "224, 224",
            "mean": "104, 117, 123",
            "std": "1",
            "swapRB": "false",
            "modelUrl": "https://cs.stanford.edu/people/jcjohns/fast-neural-style/models//instance_norm/feathers.t7"
        },
        {
            "model": "la_muse.t7",
            "inputSize": "224, 224",
            "mean": "104, 117, 123",
            "std": "1",
            "swapRB": "false",
            "modelUrl": "https://cs.stanford.edu/people/jcjohns/fast-neural-style/models//instance_norm/la_muse.t7"
        },
        {
            "model": "mosaic.t7",
            "inputSize": "224, 224",
            "mean": "104, 117, 123",
            "std": "1",
            "swapRB": "false",
            "modelUrl": "https://cs.stanford.edu/people/jcjohns/fast-neural-style/models//instance_norm/mosaic.t7"
        },
        {
            "model": "starry_night.t7",
            "inputSize": "224, 224",
            "mean": "104, 117, 123",
            "std": "1",
            "swapRB": "false",
            "modelUrl": "https://cs.stanford.edu/people/jcjohns/fast-neural-style/models//eccv16/starry_night.t7"
        },
        {
            "model": "the_scream.t7",
            "inputSize": "224, 224",
            "mean": "104, 117, 123",
            "std": "1",
            "swapRB": "false",
            "modelUrl": "https://cs.stanford.edu/people/jcjohns/fast-neural-style/models//instance_norm/the_scream.t7"
        },
        {
            "model": "the_wave.t7",
            "inputSize": "224, 224",
            "mean": "104, 117, 123",
            "std": "1",
            "swapRB": "false",
            "modelUrl": "https://cs.stanford.edu/people/jcjohns/fast-neural-style/models//eccv16/the_wave.t7"
        },
        {
            "model": "udnie.t7",
            "inputSize": "224, 224",
            "mean": "104, 117, 123",
            "std": "1",
            "swapRB": "false",
            "modelUrl": "https://cs.stanford.edu/people/jcjohns/fast-neural-style/models//instance_norm/udnie.t7"
        }
    ]
}